/* POPOLAMENTO DELLE TABELLE */

INSERT INTO CONFERENZA(AnnoEdizione,Acronimo,Nome,Logo,Svolgimento,TotaleSponsorizzazioni) 
	VALUES (2022, "ICSI", "International Conference on Swarm Intelligence", "icsi.png", "Attiva", 2);
INSERT INTO CONFERENZA(AnnoEdizione,Acronimo,Nome,Logo,Svolgimento,TotaleSponsorizzazioni) 
	VALUES (2022, "FRUCT", "IEEE FRUCT Conference", "fruct.png", "Attiva", 1);
INSERT INTO CONFERENZA(AnnoEdizione,Acronimo,Nome,Logo,Svolgimento,TotaleSponsorizzazioni) 
	VALUES (2022, "AIVR", "Conference on Artificial Intelligence and Virtual Reality", "aivr.jpg", "Attiva", 1);
INSERT INTO CONFERENZA(AnnoEdizione,Acronimo,Nome,Logo,Svolgimento,TotaleSponsorizzazioni) 
	VALUES (2021, "CogSIMA", " Conference on Cognitive and Computational Aspects of Situation Management", "cogsima.jpg", "Completata", 0);
INSERT INTO CONFERENZA(AnnoEdizione,Acronimo,Nome,Logo,Svolgimento,TotaleSponsorizzazioni) 
	VALUES (2022, "WIT", "Workshop On Deriving Insights From User-Generated Text", "wit.jpg", "Attiva", 1);
INSERT INTO CONFERENZA(AnnoEdizione,Acronimo,Nome,Logo,Svolgimento,TotaleSponsorizzazioni) 
	VALUES (2022, "SPNLP", "Workshop on Structured Prediction for NLP", "spnlp.png", "Attiva", 2);
    
INSERT INTO GIORNATA(AnnoEdizioneConferenza,AcronimoConferenza, Giorno) VALUES (2022, "ICSI", "2022-04-15");
INSERT INTO GIORNATA(AnnoEdizioneConferenza,AcronimoConferenza, Giorno) VALUES (2022, "ICSI", "2022-04-16");
INSERT INTO GIORNATA(AnnoEdizioneConferenza,AcronimoConferenza, Giorno) VALUES (2022, "ICSI", "2022-04-17");
INSERT INTO GIORNATA(AnnoEdizioneConferenza,AcronimoConferenza, Giorno) VALUES (2022, "FRUCT", "2022-01-05");
INSERT INTO GIORNATA(AnnoEdizioneConferenza,AcronimoConferenza, Giorno) VALUES (2022, "AIVR", "2022-06-22");
INSERT INTO GIORNATA(AnnoEdizioneConferenza,AcronimoConferenza, Giorno) VALUES (2022, "AIVR", "2022-06-23");
INSERT INTO GIORNATA(AnnoEdizioneConferenza,AcronimoConferenza, Giorno) VALUES (2021, "CogSIMA", "2021-12-03");
INSERT INTO GIORNATA(AnnoEdizioneConferenza,AcronimoConferenza, Giorno) VALUES (2022, "WIT", "2022-04-20");
INSERT INTO GIORNATA(AnnoEdizioneConferenza,AcronimoConferenza, Giorno) VALUES (2022, "WIT", "2022-04-21");
INSERT INTO GIORNATA(AnnoEdizioneConferenza,AcronimoConferenza, Giorno) VALUES (2022, "WIT", "2022-04-22");
INSERT INTO GIORNATA(AnnoEdizioneConferenza,AcronimoConferenza, Giorno) VALUES (2022, "SPNLP", "2022-05-27");
INSERT INTO GIORNATA(AnnoEdizioneConferenza,AcronimoConferenza, Giorno) VALUES (2022, "SPNLP", "2022-05-28");

INSERT INTO SPONSOR(Nome,Logo,Importo) VALUES ("Mastercard", "mastercard.webp", 1000000);
INSERT INTO SPONSOR(Nome,Logo,Importo) VALUES ("PlayStation", "playstation.jpeg", 500000);
INSERT INTO SPONSOR(Nome,Logo,Importo) VALUES ("FedEx", "Fedex.png", 1500000);
INSERT INTO SPONSOR(Nome,Logo,Importo) VALUES ("Adidas", "adidas.jpeg", 275000);
INSERT INTO SPONSOR(Nome,Logo,Importo) VALUES ("Nike", "nike.png", 750000);
INSERT INTO SPONSOR(Nome,Logo,Importo) VALUES ("Visa", "visa.png", 1250000);

INSERT INTO DISPOSIZIONE(AnnoEdizioneConferenza,AcronimoConferenza,NomeSponsor) VALUES (2022, "ICSI", "FedEx");
INSERT INTO DISPOSIZIONE(AnnoEdizioneConferenza,AcronimoConferenza,NomeSponsor) VALUES (2022, "ICSI", "Adidas");
INSERT INTO DISPOSIZIONE(AnnoEdizioneConferenza,AcronimoConferenza,NomeSponsor) VALUES (2022, "FRUCT", "Visa");
INSERT INTO DISPOSIZIONE(AnnoEdizioneConferenza,AcronimoConferenza,NomeSponsor) VALUES (2022, "AIVR", "FedEx");
INSERT INTO DISPOSIZIONE(AnnoEdizioneConferenza,AcronimoConferenza,NomeSponsor) VALUES (2022, "WIT", "Mastercard");
INSERT INTO DISPOSIZIONE(AnnoEdizioneConferenza,AcronimoConferenza,NomeSponsor) VALUES (2022, "SPNLP", "PlayStation");
INSERT INTO DISPOSIZIONE(AnnoEdizioneConferenza,AcronimoConferenza,NomeSponsor) VALUES (2022, "SPNLP", "Nike");

INSERT INTO UTENTE(Username, Passwordd, Nome, Cognome, DataNascita, LuogoNascita) VALUES ("Mari", "Mari", "Marianna", "Gimigliano", "2000-10-13", "Cesena");
INSERT INTO UTENTE(Username, Passwordd, Nome, Cognome, DataNascita, LuogoNascita) VALUES ("PietroL", 111, "Pietro", "Lelli", "2000-03-06", "Cesena");
INSERT INTO UTENTE(Username, Passwordd, Nome, Cognome, DataNascita, LuogoNascita) VALUES ("Francesco1", "ciao", "Francesco", "Montanari", "2000-03-22", "Bologna");
INSERT INTO UTENTE(Username, Passwordd, Nome, Cognome, DataNascita, LuogoNascita) VALUES ("Giacomo00", 1234, "Giacomo", "Fantato", "2000-01-12", "Bologna");
INSERT INTO UTENTE(Username, Passwordd, Nome, Cognome, DataNascita, LuogoNascita) VALUES ("Luca", "luca1", "Luca", "Rossi", "1998-02-16", "Milano");
INSERT INTO UTENTE(Username, Passwordd, Nome, Cognome, DataNascita, LuogoNascita) VALUES ("Paola30", "ciao", "Paola", "Ricci", "2001-10-30", "Bologna");
INSERT INTO UTENTE(Username, Passwordd, Nome, Cognome, DataNascita, LuogoNascita) VALUES ("Lucia", "lucia", "Lucia", "Verdi", "1999-11-04", "Milano");

INSERT INTO SPEAKER(UsernameUtente, Curriculum, Foto, NomeUni, NomeDipartimento) VALUES ("PietroL", null, null, null, null);
INSERT INTO SPEAKER(UsernameUtente, Curriculum, Foto, NomeUni, NomeDipartimento) VALUES ("Luca", null, null, null, null);

INSERT INTO PRESENTER(UsernameUtente, Curriculum, Foto, NomeUni, NomeDipartimento) VALUES ("Francesco1", null, null, null, null);
INSERT INTO PRESENTER(UsernameUtente, Curriculum, Foto, NomeUni, NomeDipartimento) VALUES ("Paola30", null, null, null, null);

INSERT INTO AMMINISTRATORE(UsernameUtente) VALUES ("Mari");
INSERT INTO AMMINISTRATORE(UsernameUtente) VALUES ("Lucia");

INSERT INTO SESSIONE(Codice,Titolo,NumeroPresentazioni,Inizio,Fine,Link,GiornoGiornata,AnnoEdizioneConferenza,AcronimoConferenza) 
VALUES (100151,"Mattina 15/04 ICSI", 1,"9:00:00","12:00:00","www.ICSI_mattina1.it","2022-04-15",2022, "ICSI");
INSERT INTO SESSIONE(Codice,Titolo,NumeroPresentazioni,Inizio,Fine,Link,GiornoGiornata,AnnoEdizioneConferenza,AcronimoConferenza) 
VALUES (100152,"Pomeriggio 15/04 ICSI", 2,"14:00:00","18:00:00","www.ICSI_pomeriggio2.it","2022-04-15",2022, "ICSI");
INSERT INTO SESSIONE(Codice,Titolo,NumeroPresentazioni,Inizio,Fine,Link,GiornoGiornata,AnnoEdizioneConferenza,AcronimoConferenza) 
VALUES (100153,"Mattina 16/04 ICSI", 2,"9:00:00","12:00:00","www.ICSI_mattina2.it","2022-04-16",2022, "ICSI");
INSERT INTO SESSIONE(Codice,Titolo,NumeroPresentazioni,Inizio,Fine,Link,GiornoGiornata,AnnoEdizioneConferenza,AcronimoConferenza) 
VALUES (100154,"Pomeriggio 16/04 ICSI",1,"14:00:00","17:00:00","www.ICSI_pomeriggio2.it","2022-04-17",2022, "ICSI");
INSERT INTO SESSIONE(Codice,Titolo,NumeroPresentazioni,Inizio,Fine,Link,GiornoGiornata,AnnoEdizioneConferenza,AcronimoConferenza) 
VALUES (100155,"Mattina 17/04 ICSI",1,"10:00:00","12:00:00","www.ICSI_mattina3.it","2022-04-17",2022, "ICSI");

INSERT INTO MESSAGGIO(CodiceSessione,UsernameUtente,DataMessaggio,TestoMessaggio) VALUES (100151, "Francesco1", "2022-04-15", "Ciao a tutti!");
INSERT INTO MESSAGGIO(CodiceSessione,UsernameUtente,DataMessaggio,TestoMessaggio) VALUES (100151, "Lucia", "2022-04-15", "Ciao!");
INSERT INTO MESSAGGIO(CodiceSessione,UsernameUtente,DataMessaggio,TestoMessaggio) VALUES (100152, "Lucia", "2022-04-15", "Buongiorno");
INSERT INTO MESSAGGIO(CodiceSessione,UsernameUtente,DataMessaggio,TestoMessaggio) VALUES (100152, "Paola30", "2022-04-15", "Interessante");
INSERT INTO MESSAGGIO(CodiceSessione,UsernameUtente,DataMessaggio,TestoMessaggio) VALUES (100153, "Mari", "2022-04-16", "Bello!");
INSERT INTO MESSAGGIO(CodiceSessione,UsernameUtente,DataMessaggio,TestoMessaggio) VALUES (100153, "Francesco1", "2022-04-16", "Sono d'accordo!");
INSERT INTO MESSAGGIO(CodiceSessione,UsernameUtente,DataMessaggio,TestoMessaggio) VALUES (100154, "Paola30", "2022-04-17", "Interessante");
INSERT INTO MESSAGGIO(CodiceSessione,UsernameUtente,DataMessaggio,TestoMessaggio) VALUES (100154, "Lucia", "2022-04-17", "Si molto");
INSERT INTO MESSAGGIO(CodiceSessione,UsernameUtente,DataMessaggio,TestoMessaggio) VALUES (100155, "Francesco1", "2022-04-17", "A che ora inizia?");
INSERT INTO MESSAGGIO(CodiceSessione,UsernameUtente,DataMessaggio,TestoMessaggio) VALUES (100155, "Mari", "2022-04-17", "Alle 10:00");

INSERT INTO PRESENTAZIONE(Codice,Inizio,Fine,NumeroSequenza) VALUES (101, "9:00:00","12:00:00", 01);
INSERT INTO PRESENTAZIONE(Codice,Inizio,Fine,NumeroSequenza) VALUES (102, "14:00:00","16:00:00", 01);
INSERT INTO PRESENTAZIONE(Codice,Inizio,Fine,NumeroSequenza) VALUES (103, "16:00:00","18:00:00", 02);
INSERT INTO PRESENTAZIONE(Codice,Inizio,Fine,NumeroSequenza) VALUES (104, "10:00:00","11:00:00", 01);
INSERT INTO PRESENTAZIONE(Codice,Inizio,Fine,NumeroSequenza) VALUES (105, "11:00:00","12:00:00", 02);

INSERT INTO FORMAZIONE(CodiceSessione,CodicePresentazione) VALUES (100151, 101);
INSERT INTO FORMAZIONE(CodiceSessione,CodicePresentazione) VALUES (100152, 102);
INSERT INTO FORMAZIONE(CodiceSessione,CodicePresentazione) VALUES (100152, 103);
INSERT INTO FORMAZIONE(CodiceSessione,CodicePresentazione) VALUES (100153, 104);
INSERT INTO FORMAZIONE(CodiceSessione,CodicePresentazione) VALUES (100153, 105);
INSERT INTO FORMAZIONE(CodiceSessione,CodicePresentazione) VALUES (100154, 102);
INSERT INTO FORMAZIONE(CodiceSessione,CodicePresentazione) VALUES (100155, 104);

INSERT INTO ARTICOLO(CodicePresentazione, Titolo, NumeroPagine, StatoSvolgimento, UsernameUtente) VALUES (101, "Articolo1_ICSI", 15, "Coperto", "Francesco1");
INSERT INTO ARTICOLO(CodicePresentazione, Titolo, NumeroPagine, StatoSvolgimento, UsernameUtente) VALUES (102, "Articolo2_ICSI", 30, "Non Coperto", null);
INSERT INTO ARTICOLO(CodicePresentazione, Titolo, NumeroPagine, StatoSvolgimento, UsernameUtente) VALUES (103, "Articolo3_ICSI", 23, "Coperto", "Paola30");
INSERT INTO TUTORIAL(CodicePresentazione, Titolo, Abstract) VALUES (104, "Tutorial1_ICSI", "aaa");
INSERT INTO TUTORIAL(CodicePresentazione, Titolo, Abstract) VALUES (105, "Tutorial2_ICSI", "aaa");

INSERT INTO DIMOSTRAZIONE(UsernameUtente,CodicePresentazione) VALUES ("PietroL", 104);
INSERT INTO DIMOSTRAZIONE(UsernameUtente,CodicePresentazione) VALUES ("Luca", 105);

INSERT INTO RISORSA(UsernameUtente,CodicePresentazione,LinkRisorsa,DescrizioneRisorsa) VALUES ("Luca", 105, "www.tutorial2.com", "aaa");

INSERT INTO PAROLACHIAVE(CodicePresentazione,Parola) VALUES (101, "Controllo");
INSERT INTO PAROLACHIAVE(CodicePresentazione,Parola) VALUES (101, "Classificazione");
INSERT INTO PAROLACHIAVE(CodicePresentazione,Parola) VALUES (102, "Ottimizzazione");
INSERT INTO PAROLACHIAVE(CodicePresentazione,Parola) VALUES (102, "Processo");
INSERT INTO PAROLACHIAVE(CodicePresentazione,Parola) VALUES (102, "Componenti ottici");
INSERT INTO PAROLACHIAVE(CodicePresentazione,Parola) VALUES (103, "Sistemi");
INSERT INTO PAROLACHIAVE(CodicePresentazione,Parola) VALUES (103, "Algoritmo");

INSERT INTO AUTORE(CodicePresentazione,Nome,Cognome) VALUES (101, "Francesco", "Montanari");
INSERT INTO AUTORE(CodicePresentazione,Nome,Cognome) VALUES (102, "Paola", "Ricci");
INSERT INTO AUTORE(CodicePresentazione,Nome,Cognome) VALUES (102, "Marco", "Mazzotti");
INSERT INTO AUTORE(CodicePresentazione,Nome,Cognome) VALUES (103, "Paola", "Ricci");
INSERT INTO AUTORE(CodicePresentazione,Nome,Cognome) VALUES (103, "Filippo", "Magnani");

INSERT INTO SESSIONE(Codice,Titolo,NumeroPresentazioni,Inizio,Fine,Link,GiornoGiornata,AnnoEdizioneConferenza,AcronimoConferenza) 
VALUES (200622,"Giornata 22/06 AIVR",2,"10:00:00","16:00:00","www.AIVR_giornata1.it","2022-06-22",2022, "AIVR");
INSERT INTO SESSIONE(Codice,Titolo,NumeroPresentazioni,Inizio,Fine,Link,GiornoGiornata,AnnoEdizioneConferenza,AcronimoConferenza) 
VALUES (200623,"Giornata 23/06 AIVR",2,"10:00:00","17:00:00","www.AIVR_giornata2.it","2022-06-23",2022, "AIVR");

INSERT INTO MESSAGGIO(CodiceSessione,UsernameUtente,DataMessaggio,TestoMessaggio) VALUES (200622, "Francesco1", "2022-06-22", "Ciao a tutti!");
INSERT INTO MESSAGGIO(CodiceSessione,UsernameUtente,DataMessaggio,TestoMessaggio) VALUES (200622, "Lucia", "2022-06-22", "Ciao!");
INSERT INTO MESSAGGIO(CodiceSessione,UsernameUtente,DataMessaggio,TestoMessaggio) VALUES (200623, "Lucia", "2022-06-23", "Buongiorno");
INSERT INTO MESSAGGIO(CodiceSessione,UsernameUtente,DataMessaggio,TestoMessaggio) VALUES (200623, "Paola30", "2022-06-23", "Interessante");

INSERT INTO PRESENTAZIONE(Codice,Inizio,Fine,NumeroSequenza) VALUES (201, "10:00:00","13:00:00", 01);
INSERT INTO PRESENTAZIONE(Codice,Inizio,Fine,NumeroSequenza) VALUES (202, "13:00:00","16:00:00", 02);
INSERT INTO PRESENTAZIONE(Codice,Inizio,Fine,NumeroSequenza) VALUES (203, "10:00:00","13:00:00", 01);
INSERT INTO PRESENTAZIONE(Codice,Inizio,Fine,NumeroSequenza) VALUES (204, "14:00:00","17:00:00", 02);

INSERT INTO FORMAZIONE(CodiceSessione,CodicePresentazione) VALUES (200622, 201);
INSERT INTO FORMAZIONE(CodiceSessione,CodicePresentazione) VALUES (200622, 202);
INSERT INTO FORMAZIONE(CodiceSessione,CodicePresentazione) VALUES (200623, 203);
INSERT INTO FORMAZIONE(CodiceSessione,CodicePresentazione) VALUES (200623, 204);

INSERT INTO TUTORIAL(CodicePresentazione, Titolo, Abstract) VALUES (201, "Tutorial1_AIVR", "aaa");
INSERT INTO TUTORIAL(CodicePresentazione, Titolo, Abstract) VALUES (202, "Tutorial2_AIVR", "aaa");
INSERT INTO TUTORIAL(CodicePresentazione, Titolo, Abstract) VALUES (203, "Tutorial3_AIVR", "aaa");
INSERT INTO TUTORIAL(CodicePresentazione, Titolo, Abstract) VALUES (204, "Tutorial4_AIVR", "aaa");

INSERT INTO DIMOSTRAZIONE(UsernameUtente,CodicePresentazione) VALUES ("PietroL", 201);
INSERT INTO DIMOSTRAZIONE(UsernameUtente,CodicePresentazione) VALUES ("Luca", 202);
INSERT INTO DIMOSTRAZIONE(UsernameUtente,CodicePresentazione) VALUES ("Luca", 203);
INSERT INTO DIMOSTRAZIONE(UsernameUtente,CodicePresentazione) VALUES ("Luca", 204);

INSERT INTO RISORSA(UsernameUtente,CodicePresentazione,LinkRisorsa,DescrizioneRisorsa) VALUES ("Luca", 202, "www.tutorial2.com", "aaa");
INSERT INTO RISORSA(UsernameUtente,CodicePresentazione,LinkRisorsa,DescrizioneRisorsa) VALUES ("PietroL", 201, "www.tutorial1.com", "aaa");
INSERT INTO RISORSA(UsernameUtente,CodicePresentazione,LinkRisorsa,DescrizioneRisorsa) VALUES ("PietroL", 201, "www.tutorial1_2.com", "aaa");

INSERT INTO SESSIONE(Codice,Titolo,NumeroPresentazioni,Inizio,Fine,Link,GiornoGiornata,AnnoEdizioneConferenza,AcronimoConferenza) 
VALUES (3002,"Giornata 20/04 WIT",1,"12:00:00","17:00:00","www.WIT_giornata1.it","2022-04-20",2022, "WIT");
INSERT INTO SESSIONE(Codice,Titolo,NumeroPresentazioni,Inizio,Fine,Link,GiornoGiornata,AnnoEdizioneConferenza,AcronimoConferenza) 
VALUES (3003,"Giornata 21/04 WIT",1,"14:00:00","18:00:00","www.WIT_giornata2.it","2022-04-21",2022, "WIT");
INSERT INTO SESSIONE(Codice,Titolo,NumeroPresentazioni,Inizio,Fine,Link,GiornoGiornata,AnnoEdizioneConferenza,AcronimoConferenza) 
VALUES (3004,"Giornata 22/04 WIT",2,"10:00:00","18:00:00","www.WIT_giornata3.it","2022-04-22",2022, "WIT");

INSERT INTO MESSAGGIO(CodiceSessione,UsernameUtente,DataMessaggio,TestoMessaggio) VALUES (3002, "Mari", "2022-04-20", "Bello!");
INSERT INTO MESSAGGIO(CodiceSessione,UsernameUtente,DataMessaggio,TestoMessaggio) VALUES (3002, "Francesco1", "2022-04-20", "Sono d'accordo!");
INSERT INTO MESSAGGIO(CodiceSessione,UsernameUtente,DataMessaggio,TestoMessaggio) VALUES (3003, "Paola30", "2022-04-21", "Interessante");
INSERT INTO MESSAGGIO(CodiceSessione,UsernameUtente,DataMessaggio,TestoMessaggio) VALUES (3003, "Lucia", "2022-04-21", "Si molto");
INSERT INTO MESSAGGIO(CodiceSessione,UsernameUtente,DataMessaggio,TestoMessaggio) VALUES (3004, "Francesco1", "2022-04-22", "A che ora inizia?");
INSERT INTO MESSAGGIO(CodiceSessione,UsernameUtente,DataMessaggio,TestoMessaggio) VALUES (3004, "Mari", "2022-04-22", "Alle 10:00");

INSERT INTO PRESENTAZIONE(Codice,Inizio,Fine,NumeroSequenza) VALUES (301, "12:00:00","17:00:00", 01);
INSERT INTO PRESENTAZIONE(Codice,Inizio,Fine,NumeroSequenza) VALUES (302, "14:00:00","16:00:00", 01);
INSERT INTO PRESENTAZIONE(Codice,Inizio,Fine,NumeroSequenza) VALUES (303, "10:00:00","12:00:00", 01);
INSERT INTO PRESENTAZIONE(Codice,Inizio,Fine,NumeroSequenza) VALUES (304, "14:00:00","18:00:00", 02);

INSERT INTO FORMAZIONE(CodiceSessione,CodicePresentazione) VALUES (3002, 301);
INSERT INTO FORMAZIONE(CodiceSessione,CodicePresentazione) VALUES (3003, 302);
INSERT INTO FORMAZIONE(CodiceSessione,CodicePresentazione) VALUES (3004, 303);
INSERT INTO FORMAZIONE(CodiceSessione,CodicePresentazione) VALUES (3004, 304);

INSERT INTO ARTICOLO(CodicePresentazione, Titolo, NumeroPagine, StatoSvolgimento, UsernameUtente) VALUES (301, "Articolo1_WIT", 20, "Non Coperto", null);
INSERT INTO ARTICOLO(CodicePresentazione, Titolo, NumeroPagine, StatoSvolgimento, UsernameUtente) VALUES (302, "Articolo2_WIT", 5, "Non Coperto", null);
INSERT INTO ARTICOLO(CodicePresentazione, Titolo, NumeroPagine, StatoSvolgimento, UsernameUtente) VALUES (303, "Articolo3_WIT", 14, "Coperto", "Francesco1");
INSERT INTO TUTORIAL(CodicePresentazione, Titolo, Abstract) VALUES (304, "Tutorial1_WIT", "aaa");

INSERT INTO DIMOSTRAZIONE(UsernameUtente,CodicePresentazione) VALUES ("PietroL", 304);

INSERT INTO PAROLACHIAVE(CodicePresentazione,Parola) VALUES (301, "Conteggio");
INSERT INTO PAROLACHIAVE(CodicePresentazione,Parola) VALUES (301, "Classificazione");
INSERT INTO PAROLACHIAVE(CodicePresentazione,Parola) VALUES (302, "Qualità");
INSERT INTO PAROLACHIAVE(CodicePresentazione,Parola) VALUES (302, "Processo");
INSERT INTO PAROLACHIAVE(CodicePresentazione,Parola) VALUES (303, "Scanner 3D");
INSERT INTO PAROLACHIAVE(CodicePresentazione,Parola) VALUES (303, "Robot");
INSERT INTO PAROLACHIAVE(CodicePresentazione,Parola) VALUES (303, "Scansioni lienari");

INSERT INTO AUTORE(CodicePresentazione,Nome,Cognome) VALUES (301, "Francesco", "Montanari");
INSERT INTO AUTORE(CodicePresentazione,Nome,Cognome) VALUES (301, "Laura", "Bianchi");
INSERT INTO AUTORE(CodicePresentazione,Nome,Cognome) VALUES (301, "Sofia", "Balzani");
INSERT INTO AUTORE(CodicePresentazione,Nome,Cognome) VALUES (302, "Paola", "Ricci");
INSERT INTO AUTORE(CodicePresentazione,Nome,Cognome) VALUES (302, "Lorenzo", "Antonelli");
INSERT INTO AUTORE(CodicePresentazione,Nome,Cognome) VALUES (303, "Francesco", "Montanari");

INSERT INTO SESSIONE(Codice,Titolo,NumeroPresentazioni,Inizio,Fine,Link,GiornoGiornata,AnnoEdizioneConferenza,AcronimoConferenza) 
VALUES (400527,"Mattina 27/05 SPNLP", 1,"9:00:00","12:00:00","www.SPNLP_mattina1.it","2022-05-27",2022, "SPNLP");
INSERT INTO SESSIONE(Codice,Titolo,NumeroPresentazioni,Inizio,Fine,Link,GiornoGiornata,AnnoEdizioneConferenza,AcronimoConferenza) 
VALUES (400528,"Pomeriggio 27/05 SPNLP", 1,"14:00:00","18:00:00","www.SPNLP_pomeriggio1.it","2022-05-27",2022, "SPNLP");
INSERT INTO SESSIONE(Codice,Titolo,NumeroPresentazioni,Inizio,Fine,Link,GiornoGiornata,AnnoEdizioneConferenza,AcronimoConferenza) 
VALUES (400529,"Mattina 28/05 SPNLP", 2,"9:00:00","12:00:00","www.SPNLP_mattina2.it","2022-05-28",2022, "SPNLP");
INSERT INTO SESSIONE(Codice,Titolo,NumeroPresentazioni,Inizio,Fine,Link,GiornoGiornata,AnnoEdizioneConferenza,AcronimoConferenza) 
VALUES (400530,"Pomeriggio 28/05 SPNLP",1,"14:00:00","18:00:00","www.SPNLP_pomeriggio2.it","2022-05-28",2022, "SPNLP");

INSERT INTO MESSAGGIO(CodiceSessione,UsernameUtente,DataMessaggio,TestoMessaggio) VALUES (400527, "Francesco1", "2022-05-27", "Ciao a tutti!");
INSERT INTO MESSAGGIO(CodiceSessione,UsernameUtente,DataMessaggio,TestoMessaggio) VALUES (400527, "Lucia", "2022-05-27", "Ciao!");
INSERT INTO MESSAGGIO(CodiceSessione,UsernameUtente,DataMessaggio,TestoMessaggio) VALUES (400528, "Mari", "2022-05-27", "Bello!");
INSERT INTO MESSAGGIO(CodiceSessione,UsernameUtente,DataMessaggio,TestoMessaggio) VALUES (400528, "Francesco1", "2022-05-27", "Sono d'accordo!");
INSERT INTO MESSAGGIO(CodiceSessione,UsernameUtente,DataMessaggio,TestoMessaggio) VALUES (400529, "Paola30", "2022-05-28", "Interessante");
INSERT INTO MESSAGGIO(CodiceSessione,UsernameUtente,DataMessaggio,TestoMessaggio) VALUES (400529, "Lucia", "2022-05-28", "Si molto");
INSERT INTO MESSAGGIO(CodiceSessione,UsernameUtente,DataMessaggio,TestoMessaggio) VALUES (400530, "Francesco1", "2022-05-28", "A che ora inizia?");
INSERT INTO MESSAGGIO(CodiceSessione,UsernameUtente,DataMessaggio,TestoMessaggio) VALUES (400530, "Mari", "2022-05-28", "Alle 10:00");

INSERT INTO PRESENTAZIONE(Codice,Inizio,Fine,NumeroSequenza) VALUES (401, "09:00:00","10:30:00", 01);
INSERT INTO PRESENTAZIONE(Codice,Inizio,Fine,NumeroSequenza) VALUES (402, "14:00:00","18:00:00", 01);
INSERT INTO PRESENTAZIONE(Codice,Inizio,Fine,NumeroSequenza) VALUES (403, "10:30:00","12:00:00", 02);

INSERT INTO FORMAZIONE(CodiceSessione,CodicePresentazione) VALUES (400527, 401);
INSERT INTO FORMAZIONE(CodiceSessione,CodicePresentazione) VALUES (400528, 402);
INSERT INTO FORMAZIONE(CodiceSessione,CodicePresentazione) VALUES (400529, 401);
INSERT INTO FORMAZIONE(CodiceSessione,CodicePresentazione) VALUES (400530, 403);
INSERT INTO FORMAZIONE(CodiceSessione,CodicePresentazione) VALUES (400530, 402);

INSERT INTO ARTICOLO(CodicePresentazione, Titolo, NumeroPagine, StatoSvolgimento, UsernameUtente) VALUES (401, "Articolo1_SPNLP", 18, "Coperto", "Paola30");
INSERT INTO TUTORIAL(CodicePresentazione, Titolo, Abstract) VALUES (402, "Tutorial1_SPNLP", "aaa");
INSERT INTO TUTORIAL(CodicePresentazione, Titolo, Abstract) VALUES (403, "Tutorial2_SPNLP", "aaa");

INSERT INTO AUTORE(CodicePresentazione,Nome,Cognome) VALUES (401, "Paola", "Ricci");
INSERT INTO AUTORE(CodicePresentazione,Nome,Cognome) VALUES (401, "Mattia", "Giunchi");

INSERT INTO PAROLACHIAVE(CodicePresentazione,Parola) VALUES (401, "Misurazioni");
INSERT INTO PAROLACHIAVE(CodicePresentazione,Parola) VALUES (402, "Deeplearning");

INSERT INTO DIMOSTRAZIONE(UsernameUtente,CodicePresentazione) VALUES ("Luca", 402);
INSERT INTO DIMOSTRAZIONE(UsernameUtente,CodicePresentazione) VALUES ("Luca", 403);

INSERT INTO RISORSA(UsernameUtente,CodicePresentazione,LinkRisorsa,DescrizioneRisorsa) VALUES ("Luca", 402, "www.tutorial2.com", "aaa");

INSERT INTO ISCRIZIONE(AnnoEdizioneConferenza, AcronimoConferenza, UsernameUtente) VALUES (2022, "SPNLP", "Mari");
INSERT INTO ISCRIZIONE(AnnoEdizioneConferenza, AcronimoConferenza, UsernameUtente) VALUES (2022, "WIT", "Francesco1");
INSERT INTO ISCRIZIONE(AnnoEdizioneConferenza, AcronimoConferenza, UsernameUtente) VALUES (2022, "WIT", "Giacomo00");

INSERT INTO VALUTAZIONE(CodicePresentazione, UsernameUtente, Voto, Note) VALUES (401, "Mari", 8, "Interessante");
INSERT INTO VALUTAZIONE(CodicePresentazione, UsernameUtente, Voto, Note) VALUES (403, "Lucia", 3, "Noiosa");
INSERT INTO VALUTAZIONE(CodicePresentazione, UsernameUtente, Voto, Note) VALUES (403, "Mari", 4, "Poco chiara");
INSERT INTO VALUTAZIONE(CodicePresentazione, UsernameUtente, Voto, Note) VALUES (401, "Lucia", 9, "Molto bravo il presenter");
INSERT INTO VALUTAZIONE(CodicePresentazione, UsernameUtente, Voto, Note) VALUES (303, "Lucia", 3, "Noiosa");
INSERT INTO VALUTAZIONE(CodicePresentazione, UsernameUtente, Voto, Note) VALUES (304, "Mari", 4, "Poco chiara");
INSERT INTO VALUTAZIONE(CodicePresentazione, UsernameUtente, Voto, Note) VALUES (201, "Lucia", 9, "Interessante");
INSERT INTO VALUTAZIONE(CodicePresentazione, UsernameUtente, Voto, Note) VALUES (202, "Lucia", 6, "Da migliorare");
INSERT INTO VALUTAZIONE(CodicePresentazione, UsernameUtente, Voto, Note) VALUES (101, "Lucia", 9, "Molto bravo il presenter");

INSERT INTO CREAZIONE(AnnoEdizioneConferenza, AcronimoConferenza, UsernameUtente) VALUES (2022, "ICSI", "Mari");
INSERT INTO CREAZIONE(AnnoEdizioneConferenza, AcronimoConferenza, UsernameUtente) VALUES (2022, "FRUCT", "Mari");
INSERT INTO CREAZIONE(AnnoEdizioneConferenza, AcronimoConferenza, UsernameUtente) VALUES (2022, "AIVR", "Lucia");
INSERT INTO CREAZIONE(AnnoEdizioneConferenza, AcronimoConferenza, UsernameUtente) VALUES (2021, "CogSIMA", "Lucia");
INSERT INTO CREAZIONE(AnnoEdizioneConferenza, AcronimoConferenza, UsernameUtente) VALUES (2022, "WIT", "Mari");
INSERT INTO CREAZIONE(AnnoEdizioneConferenza, AcronimoConferenza, UsernameUtente) VALUES (2022, "SPNLP", "Lucia");

INSERT INTO LISTA(UsernameUtente,CodicePresentazione) VALUES ("Mari", 302);
INSERT INTO LISTA(UsernameUtente,CodicePresentazione) VALUES ("Mari", 204);
INSERT INTO LISTA(UsernameUtente,CodicePresentazione) VALUES ("Francesco1", 102);
INSERT INTO LISTA(UsernameUtente,CodicePresentazione) VALUES ("Giacomo00", 302);
INSERT INTO LISTA(UsernameUtente,CodicePresentazione) VALUES ("Giacomo00", 401);
INSERT INTO LISTA(UsernameUtente,CodicePresentazione) VALUES ("Giacomo00", 204);
INSERT INTO LISTA(UsernameUtente,CodicePresentazione) VALUES ("Luca", 103);
INSERT INTO LISTA(UsernameUtente,CodicePresentazione) VALUES ("Luca", 303);
